na,nb,MSE_depthrate
1,1,170.40762415758036
1,2,190.4835698629113
1,3,170.54603786798566
1,4,177.0700017984222
